-- phpMyAdmin SQL Dump
-- version 4.1.11
-- http://www.phpmyadmin.net
--
-- Host: localhost:8889
-- Generation Time: Feb 17, 2016 at 11:51 PM
-- Server version: 5.5.28-log
-- PHP Version: 5.5.7

SET SQL_MODE = "NO_AUTO_VALUE_ON_ZERO";
SET time_zone = "+00:00";


/*!40101 SET @OLD_CHARACTER_SET_CLIENT=@@CHARACTER_SET_CLIENT */;
/*!40101 SET @OLD_CHARACTER_SET_RESULTS=@@CHARACTER_SET_RESULTS */;
/*!40101 SET @OLD_COLLATION_CONNECTION=@@COLLATION_CONNECTION */;
/*!40101 SET NAMES utf8 */;

--
-- Database: `game_day_picker`
--

-- --------------------------------------------------------

--
-- Table structure for table `ci_sessions`
--

CREATE TABLE IF NOT EXISTS `ci_sessions` (
  `id` varchar(40) CHARACTER SET utf8 COLLATE utf8_unicode_ci NOT NULL,
  `ip_address` varchar(45) CHARACTER SET utf8 COLLATE utf8_unicode_ci NOT NULL,
  `timestamp` int(10) NOT NULL,
  `data` blob NOT NULL
) ENGINE=InnoDB DEFAULT CHARSET=latin1;

--
-- Dumping data for table `ci_sessions`
--

INSERT INTO `ci_sessions` (`id`, `ip_address`, `timestamp`, `data`) VALUES
('355e07f3fb806f004d126ea643450875a2586b87', '::1', 1455745479, 0x5f5f63695f6c6173745f726567656e65726174657c693a313435353734353138353b),
('c9363865be8b06e4332945ec434cc5670562cb0b', '::1', 1455745976, 0x5f5f63695f6c6173745f726567656e65726174657c693a313435353734353937363b),
('f395cc1c9029abe77588466afcdc82fc902a4b3a', '::1', 1455745978, 0x5f5f63695f6c6173745f726567656e65726174657c693a313435353734353937383b),
('562e352982615357237359c7f9263fe4ea964009', '::1', 1455748949, 0x5f5f63695f6c6173745f726567656e65726174657c693a313435353734383635333b757365726e616d657c733a31343a2266756c6c7361696c2d61646d696e223b69735f6c6f676765645f696e7c693a313b),
('5f9082e62e2565987df064ad56012c5abce9097a', '::1', 1455749544, 0x5f5f63695f6c6173745f726567656e65726174657c693a313435353734393235393b757365726e616d657c733a363a226a68616c6573223b69735f6c6f676765645f696e7c693a313b),
('7452c885137ed265db103404c252b82852882e7f', '::1', 1455749597, 0x5f5f63695f6c6173745f726567656e65726174657c693a313435353734393539373b757365726e616d657c733a363a226a68616c6573223b69735f6c6f676765645f696e7c693a313b),
('49ce18a116c39a128c7c251897e25ba2c2e44784', '::1', 1455751711, 0x5f5f63695f6c6173745f726567656e65726174657c693a313435353735313638383b757365726e616d657c733a363a226a68616c6573223b69735f6c6f676765645f696e7c693a313b),
('0846fabebc1b62886cf2814968293cd576dec50c', '::1', 1455752541, 0x5f5f63695f6c6173745f726567656e65726174657c693a313435353735323235303b757365726e616d657c733a363a226a68616c6573223b69735f6c6f676765645f696e7c693a313b),
('c3b6300c22232b318c2a2e39270e4b973333e9f2', '::1', 1455753054, 0x5f5f63695f6c6173745f726567656e65726174657c693a313435353735333035343b);

-- --------------------------------------------------------

--
-- Table structure for table `games`
--

CREATE TABLE IF NOT EXISTS `games` (
  `game` int(11) NOT NULL AUTO_INCREMENT,
  `game_id` int(11) NOT NULL,
  `team_info` int(11) NOT NULL,
  `play_date` date NOT NULL,
  `play_time` varchar(250) COLLATE utf8_unicode_ci NOT NULL,
  PRIMARY KEY (`game`),
  KEY `team_info` (`team_info`),
  KEY `game_id` (`game_id`),
  KEY `team_info_2` (`team_info`)
) ENGINE=InnoDB  DEFAULT CHARSET=utf8 COLLATE=utf8_unicode_ci AUTO_INCREMENT=515 ;

--
-- Dumping data for table `games`
--

INSERT INTO `games` (`game`, `game_id`, `team_info`, `play_date`, `play_time`) VALUES
(1, 1, 1, '2015-09-10', '8:30'),
(2, 1, 7, '2015-09-10', '8:30'),
(3, 2, 27, '2015-09-14', '7:10'),
(4, 2, 21, '2015-09-14', '7:10'),
(5, 3, 32, '2015-09-14', '8:20'),
(6, 3, 18, '2015-09-14', '8:20'),
(7, 4, 31, '2015-09-13', '1:00'),
(8, 4, 29, '2015-09-13', '1:00'),
(9, 5, 14, '2015-09-13', '1:00'),
(10, 5, 9, '2015-09-13', '1:00'),
(11, 6, 2, '2015-09-13', '1:00'),
(12, 6, 8, '2015-09-13', '1:00'),
(13, 7, 10, '2015-09-13', '1:00'),
(14, 7, 5, '2015-09-13', '1:00'),
(15, 8, 6, '2015-09-13', '1:00'),
(16, 8, 28, '2015-09-13', '1:00'),
(17, 9, 22, '2015-09-13', '1:00'),
(18, 9, 11, '2015-09-13', '1:00'),
(19, 10, 19, '2015-09-13', '1:00'),
(20, 10, 20, '2015-09-13', '1:00'),
(21, 11, 23, '2015-09-13', '4:05'),
(22, 11, 17, '2015-09-13', '4:05'),
(23, 12, 30, '2015-09-13', '4:05'),
(24, 12, 16, '2015-09-13', '4:05'),
(25, 13, 12, '2015-09-13', '4:25'),
(26, 13, 24, '2015-09-13', '4:25'),
(27, 14, 3, '2015-09-13', '4:25'),
(28, 14, 15, '2015-09-13', '4:25'),
(29, 15, 4, '2015-09-13', '4:25'),
(30, 15, 13, '2015-09-13', '4:25'),
(31, 16, 26, '2015-09-13', '8:30'),
(32, 16, 25, '2015-09-13', '8:30'),
(33, 17, 13, '2015-09-17', '8:25'),
(34, 17, 14, '2015-09-17', '8:25'),
(35, 18, 9, '2015-09-20', '1:00'),
(36, 18, 22, '2015-09-20', '1:00'),
(37, 19, 18, '2015-09-20', '1:00'),
(38, 19, 1, '2015-09-20', '1:00'),
(39, 20, 24, '2015-09-20', '1:00'),
(40, 20, 23, '2015-09-20', '1:00'),
(41, 21, 30, '2015-09-20', '1:00'),
(42, 21, 32, '2015-09-20', '1:00'),
(43, 22, 17, '2015-09-20', '1:00'),
(44, 22, 29, '2015-09-20', '1:00'),
(45, 23, 7, '2015-09-20', '1:00'),
(46, 23, 5, '2015-09-20', '1:00'),
(47, 24, 16, '2015-09-20', '1:00'),
(48, 24, 3, '2015-09-20', '1:00'),
(49, 25, 12, '2015-09-20', '1:00'),
(50, 25, 2, '2015-09-20', '1:00'),
(51, 26, 21, '2015-09-20', '1:00'),
(52, 26, 26, '2015-09-20', '1:00'),
(53, 27, 20, '2015-09-20', '1:00'),
(54, 27, 28, '2015-09-20', '1:00'),
(55, 28, 6, '2015-09-20', '4:05'),
(56, 28, 11, '2015-09-20', '4:05'),
(57, 29, 4, '2015-09-20', '4:05'),
(58, 29, 15, '2015-09-20', '4:05'),
(59, 30, 25, '2015-09-20', '4:25'),
(60, 30, 27, '2015-09-20', '4:25'),
(61, 31, 19, '2015-09-20', '8:30'),
(62, 31, 31, '2015-09-20', '8:30'),
(63, 32, 8, '2015-09-21', '8:30'),
(64, 32, 10, '2015-09-21', '8:30'),
(65, 33, 28, '2015-09-24', '8:25'),
(66, 33, 26, '2015-09-24', '8:25'),
(67, 34, 21, '2015-09-27', '1:00'),
(68, 34, 25, '2015-09-27', '1:00'),
(69, 35, 10, '2015-09-27', '1:00'),
(70, 35, 12, '2015-09-27', '1:00'),
(71, 36, 15, '2015-09-27', '1:00'),
(72, 36, 2, '2015-09-27', '1:00'),
(73, 37, 3, '2015-09-27', '1:00'),
(74, 37, 4, '2015-09-27', '1:00'),
(75, 38, 11, '2015-09-27', '1:00'),
(76, 38, 7, '2015-09-27', '1:00'),
(77, 39, 23, '2015-09-27', '1:00'),
(78, 39, 22, '2015-09-27', '1:00'),
(79, 40, 27, '2015-09-27', '1:00'),
(80, 40, 8, '2015-09-27', '1:00'),
(81, 41, 24, '2015-09-27', '1:00'),
(82, 41, 9, '2015-09-27', '1:00'),
(83, 42, 16, '2015-09-27', '1:00'),
(84, 42, 32, '2015-09-27', '1:00'),
(85, 43, 1, '2015-09-27', '1:00'),
(86, 43, 20, '2015-09-27', '1:00'),
(87, 44, 18, '2015-09-27', '4:05'),
(88, 44, 17, '2015-09-27', '4:05'),
(89, 45, 5, '2015-09-27', '4:25'),
(90, 45, 6, '2015-09-27', '4:25'),
(91, 46, 29, '2015-09-27', '4:25'),
(92, 46, 19, '2015-09-27', '4:25'),
(93, 47, 13, '2015-09-27', '8:30'),
(94, 47, 30, '2015-09-27', '8:30'),
(95, 48, 14, '2015-09-28', '8:30'),
(96, 48, 31, '2015-09-28', '8:30'),
(97, 49, 4, '2015-10-01', '8:25'),
(98, 49, 1, '2015-10-01', '8:25'),
(99, 50, 8, '2015-10-04', '9:30'),
(100, 50, 6, '2015-10-04', '9:30'),
(101, 51, 11, '2015-10-04', '1:00'),
(102, 51, 10, '2015-10-04', '1:00'),
(103, 52, 26, '2015-10-04', '1:00'),
(104, 52, 5, '2015-10-04', '1:00'),
(105, 53, 22, '2015-10-04', '1:00'),
(106, 53, 24, '2015-10-04', '1:00'),
(107, 54, 27, '2015-10-04', '1:00'),
(108, 54, 28, '2015-10-04', '1:00'),
(109, 55, 15, '2015-10-04', '1:00'),
(110, 55, 29, '2015-10-04', '1:00'),
(111, 56, 9, '2015-10-04', '1:00'),
(112, 56, 21, '2015-10-04', '1:00'),
(113, 57, 14, '2015-10-04', '1:00'),
(114, 57, 3, '2015-10-04', '1:00'),
(115, 58, 2, '2015-10-04', '4:05'),
(116, 58, 16, '2015-10-04', '4:05'),
(117, 59, 31, '2015-10-04', '4:25'),
(118, 59, 18, '2015-10-04', '4:25'),
(119, 60, 20, '2015-10-04', '4:25'),
(120, 60, 17, '2015-10-04', '4:25'),
(121, 61, 32, '2015-10-04', '4:25'),
(122, 61, 13, '2015-10-04', '4:25'),
(123, 62, 25, '2015-10-04', '8:30'),
(124, 62, 23, '2015-10-04', '8:30'),
(125, 63, 30, '2015-10-05', '8:30'),
(126, 63, 19, '2015-10-04', '8:30'),
(129, 64, 10, '2015-10-08', '8:25'),
(130, 64, 9, '2015-10-08', '8:25'),
(131, 65, 29, '2015-10-11', '1:00'),
(132, 65, 14, '2015-10-11', '1:00'),
(133, 66, 19, '2015-10-11', '1:00'),
(134, 66, 3, '2015-10-11', '1:00'),
(135, 67, 28, '2015-10-11', '1:00'),
(136, 67, 21, '2015-10-11', '1:00'),
(137, 68, 11, '2015-10-11', '1:00'),
(138, 68, 24, '2015-10-11', '1:00'),
(139, 69, 23, '2015-10-11', '1:00'),
(140, 69, 27, '2015-10-11', '1:00'),
(141, 70, 2, '2015-10-11', '1:00'),
(142, 70, 4, '2015-10-11', '1:00'),
(143, 71, 20, '2015-10-11', '1:00'),
(144, 71, 31, '2015-10-11', '1:00'),
(145, 72, 5, '2015-10-11', '1:00'),
(146, 72, 12, '2015-10-11', '1:00'),
(147, 73, 17, '2015-10-11', '4:05'),
(148, 73, 30, '2015-10-11', '4:05'),
(149, 74, 7, '2015-10-11', '4:25'),
(150, 74, 25, '2015-10-11', '4:25'),
(151, 75, 13, '2015-10-11', '4:25'),
(152, 75, 15, '2015-10-11', '4:25'),
(153, 76, 18, '2015-10-11', '8:30'),
(154, 76, 26, '2015-10-11', '8:30'),
(155, 77, 1, '2015-10-12', '8:30'),
(156, 77, 16, '2015-10-12', '8:30'),
(157, 78, 21, '2015-10-15', '8:25'),
(158, 78, 23, '2015-10-15', '8:25'),
(159, 79, 28, '2015-10-18', '1:00'),
(160, 79, 8, '2015-10-18', '1:00'),
(161, 80, 17, '2015-10-18', '1:00'),
(162, 80, 1, '2015-10-18', '1:00'),
(163, 81, 14, '2015-10-18', '1:00'),
(164, 81, 32, '2015-10-18', '1:00'),
(165, 82, 3, '2015-10-18', '1:00'),
(166, 82, 5, '2015-10-18', '1:00'),
(167, 83, 29, '2015-10-18', '1:00'),
(168, 83, 30, '2015-10-18', '1:00'),
(169, 84, 13, '2015-10-18', '1:00'),
(170, 84, 2, '2015-10-18', '1:00'),
(171, 85, 9, '2015-10-18', '1:00'),
(172, 85, 11, '2015-10-18', '1:00'),
(173, 86, 6, '2015-10-18', '1:00'),
(174, 86, 12, '2015-10-18', '1:00'),
(175, 87, 22, '2015-10-18', '4:05'),
(176, 87, 19, '2015-10-18', '4:05'),
(177, 88, 16, '2015-10-18', '4:25'),
(178, 88, 31, '2015-10-18', '4:25'),
(179, 89, 4, '2015-10-18', '4:25'),
(180, 89, 18, '2015-10-18', '4:25'),
(181, 90, 7, '2015-10-18', '8:30'),
(182, 90, 10, '2015-10-18', '8:30'),
(183, 91, 26, '2015-10-19', '8:30'),
(184, 91, 27, '2015-10-19', '8:30'),
(185, 92, 19, '2015-10-22', '8:25'),
(186, 92, 18, '2015-10-22', '8:25'),
(187, 93, 5, '2015-10-25', '9:30'),
(188, 93, 11, '2015-10-25', '9:30'),
(189, 94, 24, '2015-10-25', '1:00'),
(190, 94, 28, '2015-10-25', '1:00'),
(191, 95, 21, '2015-10-25', '1:00'),
(192, 95, 12, '2015-10-25', '1:00'),
(193, 96, 23, '2015-10-25', '1:00'),
(194, 96, 10, '2015-10-25', '1:00'),
(195, 97, 32, '2015-10-25', '1:00'),
(196, 97, 30, '2015-10-25', '1:00'),
(197, 98, 1, '2015-10-25', '1:00'),
(198, 98, 14, '2015-10-25', '1:00'),
(199, 99, 2, '2015-10-25', '1:00'),
(200, 99, 20, '2015-10-25', '1:00'),
(201, 100, 9, '2015-10-25', '1:00'),
(202, 100, 6, '2015-10-25', '1:00'),
(203, 101, 8, '2015-10-25', '1:00'),
(204, 101, 7, '2015-10-25', '1:00'),
(205, 102, 15, '2015-10-25', '4:05'),
(206, 102, 16, '2015-10-25', '4:05'),
(207, 103, 25, '2015-10-25', '4:25'),
(208, 103, 26, '2015-10-25', '4:25'),
(209, 104, 27, '2015-10-25', '8:30'),
(210, 104, 22, '2015-10-25', '8:30'),
(211, 105, 4, '2015-10-26', '8:30'),
(212, 105, 17, '2015-10-26', '8:30'),
(213, 106, 6, '2015-10-29', '8:25'),
(214, 106, 7, '2015-10-29', '8:25'),
(215, 107, 30, '2015-11-01', '9:30'),
(216, 107, 14, '2015-11-01', '9:30'),
(217, 108, 24, '2015-11-01', '1:00'),
(218, 108, 21, '2015-11-01', '1:00'),
(219, 109, 17, '2015-11-01', '1:00'),
(220, 109, 2, '2015-11-01', '1:00'),
(221, 110, 18, '2015-11-01', '1:00'),
(222, 110, 20, '2015-11-01', '1:00'),
(223, 111, 26, '2015-11-01', '1:00'),
(224, 111, 23, '2015-11-01', '1:00'),
(225, 112, 32, '2015-11-01', '1:00'),
(226, 112, 29, '2015-11-01', '1:00'),
(227, 113, 16, '2015-11-01', '1:00'),
(228, 113, 4, '2015-11-01', '1:00'),
(229, 114, 3, '2015-11-01', '1:00'),
(230, 114, 1, '2015-11-01', '1:00'),
(231, 115, 12, '2015-11-01', '1:00'),
(232, 115, 9, '2015-11-01', '1:00'),
(233, 116, 8, '2015-11-01', '4:05'),
(234, 116, 15, '2015-11-01', '4:05'),
(235, 117, 19, '2015-11-01', '4:25'),
(236, 117, 25, '2015-11-01', '4:25'),
(237, 118, 31, '2015-11-01', '8:30'),
(238, 118, 13, '2015-11-01', '8:30'),
(239, 119, 10, '2015-11-02', '8:30'),
(240, 119, 22, '2015-11-02', '8:30'),
(241, 120, 2, '2015-11-05', '8:25'),
(242, 120, 3, '2015-11-05', '8:25'),
(243, 121, 31, '2015-11-08', '1:00'),
(244, 121, 22, '2015-11-08', '1:00'),
(245, 122, 28, '2015-11-08', '1:00'),
(246, 122, 7, '2015-11-08', '1:00'),
(247, 123, 12, '2015-11-08', '1:00'),
(248, 123, 23, '2015-11-08', '1:00'),
(249, 124, 6, '2015-11-08', '1:00'),
(250, 124, 5, '2015-11-08', '1:00'),
(251, 125, 20, '2015-11-08', '1:00'),
(252, 125, 32, '2015-11-08', '1:00'),
(253, 126, 11, '2015-11-08', '1:00'),
(254, 126, 8, '2015-11-08', '1:00'),
(255, 127, 15, '2015-11-08', '1:00'),
(256, 127, 1, '2015-11-08', '1:00'),
(257, 128, 26, '2015-11-08', '4:05'),
(258, 128, 24, '2015-11-08', '4:05'),
(259, 129, 21, '2015-11-08', '4:05'),
(260, 129, 18, '2015-11-08', '4:05'),
(261, 130, 13, '2015-11-08', '4:25'),
(262, 130, 10, '2015-11-08', '4:25'),
(263, 131, 27, '2015-11-08', '8:30'),
(264, 131, 25, '2015-11-08', '8:30'),
(265, 132, 29, '2015-11-09', '8:30'),
(266, 132, 16, '2015-11-09', '8:30'),
(267, 133, 5, '2015-11-12', '8:25'),
(268, 133, 8, '2015-11-12', '8:25'),
(269, 134, 30, '2015-11-15', '1:00'),
(270, 134, 31, '2015-11-15', '1:00'),
(271, 135, 25, '2015-11-15', '1:00'),
(272, 135, 24, '2015-11-15', '1:00'),
(273, 136, 22, '2015-11-15', '1:00'),
(274, 136, 12, '2015-11-15', '1:00'),
(275, 137, 29, '2015-11-15', '1:00'),
(276, 137, 20, '2015-11-15', '1:00'),
(277, 138, 23, '2015-11-15', '1:00'),
(278, 138, 28, '2015-11-15', '1:00'),
(279, 139, 6, '2015-11-15', '1:00'),
(280, 139, 27, '2015-11-15', '1:00'),
(281, 140, 2, '2015-11-15', '1:00'),
(282, 140, 1, '5015-11-15', '1:00'),
(283, 141, 11, '2015-11-15', '1:00'),
(284, 141, 4, '2015-11-15', '1:00'),
(285, 142, 32, '2015-11-15', '4:05'),
(286, 142, 15, '2015-11-15', '4:05'),
(287, 143, 7, '2015-11-15', '4:25'),
(288, 143, 26, '2015-11-15', '4:25'),
(289, 144, 14, '2015-11-15', '4:25'),
(290, 144, 13, '2015-11-15', '4:25'),
(291, 145, 17, '2015-11-15', '8:30'),
(292, 145, 19, '2015-11-15', '8:30'),
(293, 146, 9, '2015-11-16', '8:30'),
(294, 146, 3, '2015-11-16', '8:30'),
(295, 147, 12, '2015-11-19', '8:25'),
(296, 147, 11, '2015-11-19', '8:25'),
(297, 148, 15, '2015-11-22', '1:00'),
(298, 148, 30, '2015-11-22', '1:00'),
(299, 149, 10, '2015-11-22', '1:00'),
(300, 149, 21, '2015-11-22', '1:00'),
(301, 150, 8, '2015-11-22', '1:00'),
(302, 150, 9, '2015-11-22', '1:00'),
(303, 151, 24, '2015-11-22', '1:00'),
(304, 151, 27, '2015-11-22', '1:00'),
(305, 152, 13, '2015-11-22', '1:00'),
(306, 152, 29, '2015-11-22', '1:00'),
(307, 153, 31, '2015-11-22', '1:00'),
(308, 153, 32, '2015-11-22', '1:00'),
(309, 154, 20, '2015-11-22', '1:00'),
(310, 154, 4, '2015-11-22', '1:00'),
(311, 155, 25, '2015-11-22', '1:00'),
(312, 155, 6, '2015-11-22', '1:00'),
(313, 156, 28, '2015-11-22', '1:00'),
(314, 156, 22, '2015-11-22', '1:00'),
(315, 157, 3, '2015-11-22', '4:05'),
(316, 157, 17, '2015-11-22', '4:05'),
(317, 158, 18, '2015-11-22', '4:25'),
(318, 158, 19, '2015-11-22', '4:25'),
(319, 159, 14, '2015-11-22', '8:30'),
(320, 159, 16, '2015-11-22', '8:30'),
(321, 160, 5, '2015-11-23', '8:30'),
(322, 160, 7, '2015-11-23', '8:30'),
(323, 161, 27, '2015-11-26', '12:30'),
(324, 161, 30, '2015-11-26', '12:30'),
(325, 162, 22, '2015-11-26', '4:30'),
(326, 162, 25, '2015-11-26', '4:30'),
(327, 163, 29, '2015-11-26', '8:30'),
(328, 163, 31, '2015-11-26', '8:30'),
(329, 164, 15, '2015-11-29', '1:00'),
(330, 164, 12, '2015-11-29', '1:00'),
(331, 165, 5, '2015-11-29', '1:00'),
(332, 165, 14, '2015-11-29', '1:00'),
(333, 166, 24, '2015-11-29', '1:00'),
(334, 166, 10, '2015-11-29', '1:00'),
(335, 167, 26, '2015-11-29', '1:00'),
(336, 167, 28, '2015-11-29', '1:00'),
(337, 168, 23, '2015-11-29', '1:00'),
(338, 168, 9, '2015-11-29', '1:00'),
(339, 169, 32, '2015-11-29', '1:00'),
(340, 169, 21, '2015-11-29', '1:00'),
(341, 170, 20, '2015-11-29', '1:00'),
(342, 170, 3, '2015-11-29', '1:00'),
(343, 171, 16, '2015-11-29', '1:00'),
(344, 171, 11, '2015-11-29', '1:00'),
(345, 172, 6, '2015-11-29', '1:00'),
(346, 172, 8, '2015-11-29', '1:00'),
(347, 173, 17, '2015-11-29', '4:05'),
(348, 173, 18, '2015-11-29', '4:05'),
(349, 174, 1, '2015-11-29', '4:25'),
(350, 174, 19, '2015-11-29', '4:25'),
(351, 175, 7, '2015-11-29', '8:30'),
(352, 175, 13, '2015-11-29', '8:30'),
(353, 176, 4, '2015-11-30', '8:30'),
(354, 176, 2, '2015-11-30', '8:30'),
(355, 177, 31, '2015-12-03', '8:25'),
(356, 177, 30, '2015-12-03', '8:25'),
(357, 178, 8, '2015-12-06', '1:00'),
(358, 178, 26, '2015-12-06', '1:00'),
(359, 179, 17, '2015-12-06', '1:00'),
(360, 179, 20, '2015-12-06', '1:00'),
(361, 180, 21, '2015-12-06', '1:00'),
(362, 180, 24, '2015-12-06', '1:00'),
(363, 181, 22, '2015-12-06', '1:00'),
(364, 181, 23, '2015-12-06', '1:00'),
(365, 182, 19, '2015-12-06', '1:00'),
(366, 182, 32, '2015-12-06', '1:00'),
(367, 183, 9, '2015-12-06', '1:00'),
(368, 183, 5, '2015-12-06', '1:00'),
(369, 184, 4, '2015-12-06', '1:00'),
(370, 184, 6, '2015-12-06', '1:00'),
(371, 185, 3, '2015-12-06', '1:00'),
(372, 185, 2, '2015-12-06', '1:00'),
(373, 186, 11, '2015-12-06', '1:00'),
(374, 186, 12, '2015-12-06', '1:00'),
(375, 187, 18, '2015-12-06', '1:00'),
(376, 187, 29, '2015-12-06', '1:00'),
(377, 188, 13, '2015-12-06', '4:05'),
(378, 188, 16, '2015-12-06', '4:05'),
(379, 189, 14, '2015-12-06', '4:05'),
(380, 189, 15, '2015-12-06', '4:05'),
(381, 190, 27, '2015-12-06', '4:25'),
(382, 190, 7, '2015-12-06', '4:25'),
(383, 191, 10, '2015-12-06', '8:30'),
(384, 191, 1, '2015-12-06', '8:30'),
(385, 192, 25, '2015-12-07', '8:30'),
(386, 192, 28, '2015-12-07', '8:30'),
(387, 193, 32, '2015-12-10', '8:25'),
(388, 193, 17, '2015-12-10', '8:25'),
(389, 194, 5, '2015-12-13', '1:00'),
(390, 194, 27, '2015-12-13', '1:00'),
(391, 195, 18, '2015-12-13', '1:00'),
(392, 195, 2, '2015-12-13', '1:00'),
(393, 196, 30, '2015-12-13', '1:00'),
(394, 196, 20, '2015-12-13', '1:00'),
(395, 197, 23, '2015-12-13', '1:00'),
(396, 197, 24, '2015-12-13', '1:00'),
(397, 198, 12, '2015-12-13', '1:00'),
(398, 198, 8, '2015-12-13', '1:00'),
(399, 199, 1, '2015-12-13', '1:00'),
(400, 199, 3, '2015-12-13', '1:00'),
(401, 200, 7, '2015-12-13', '1:00'),
(402, 200, 9, '2015-12-13', '1:00'),
(403, 201, 10, '2015-12-13', '1:00'),
(404, 201, 11, '2015-12-13', '1:00'),
(405, 202, 16, '2015-12-13', '1:00'),
(406, 202, 14, '2015-12-13', '1:00'),
(407, 203, 28, '2015-12-13', '1:00'),
(408, 203, 29, '2015-12-13', '1:00'),
(409, 204, 21, '2015-12-13', '1:00'),
(410, 204, 22, '2015-12-13', '1:00'),
(411, 205, 15, '2015-12-13', '4:05'),
(412, 205, 13, '2015-12-13', '4:05'),
(413, 206, 25, '2015-12-13', '4:25'),
(414, 206, 31, '2015-12-13', '4:25'),
(415, 207, 19, '2015-12-13', '8:30'),
(416, 207, 4, '2015-12-13', '8:30'),
(417, 208, 26, '2015-12-14', '8:30'),
(418, 208, 6, '2015-12-14', '8:30'),
(419, 209, 24, '2015-12-17', '8:25'),
(420, 209, 20, '2015-12-17', '8:25'),
(421, 210, 8, '2015-12-19', '8:25'),
(422, 210, 25, '2015-12-19', '8:25'),
(423, 211, 29, '2015-12-20', '1:00'),
(424, 211, 32, '2015-12-20', '1:00'),
(425, 212, 21, '2015-12-20', '1:00'),
(426, 212, 11, '2015-12-20', '1:00'),
(427, 213, 9, '2015-12-20', '1:00'),
(428, 213, 10, '2015-12-20', '1:00'),
(429, 214, 17, '2015-12-20', '1:00'),
(430, 214, 27, '2015-12-20', '1:00'),
(431, 215, 22, '2015-12-20', '1:00'),
(432, 215, 26, '2015-12-20', '1:00'),
(433, 216, 12, '2015-12-20', '1:00'),
(434, 216, 7, '2015-12-20', '1:00'),
(435, 217, 5, '2015-12-20', '1:00'),
(436, 217, 28, '2015-12-20', '1:00'),
(437, 218, 14, '2015-12-20', '1:00'),
(438, 218, 4, '2015-12-20', '1:00'),
(439, 219, 2, '2015-12-20', '4:05'),
(440, 219, 19, '2015-12-20', '4:05'),
(441, 220, 31, '2015-12-20', '4:05'),
(442, 220, 15, '2015-12-20', '4:05'),
(443, 221, 13, '2015-12-20', '4:25'),
(444, 221, 1, '2015-12-20', '4:25'),
(445, 222, 6, '2015-12-20', '4:25'),
(446, 222, 16, '2015-12-20', '4:25'),
(447, 223, 3, '2015-12-20', '8:30'),
(448, 223, 18, '2015-12-20', '8:30'),
(449, 224, 30, '2015-12-21', '8:30'),
(450, 224, 23, '2015-12-21', '8:30'),
(451, 225, 16, '2015-12-24', '8:25'),
(452, 225, 15, '2015-12-24', '8:25'),
(453, 226, 28, '2015-12-26', '8:25'),
(454, 226, 27, '2015-12-26', '8:25'),
(455, 227, 7, '2015-12-27', '1:00'),
(456, 227, 8, '2015-12-27', '1:00'),
(457, 228, 9, '2015-12-27', '1:00'),
(458, 228, 12, '2015-12-27', '1:00'),
(459, 229, 2, '2015-12-27', '1:00'),
(460, 229, 14, '2015-12-27', '1:00'),
(461, 230, 10, '2015-12-27', '1:00'),
(462, 230, 6, '2015-12-27', '1:00'),
(463, 231, 11, '2015-12-27', '1:00'),
(464, 231, 23, '2015-12-27', '1:00'),
(465, 232, 18, '2015-12-27', '1:00'),
(466, 232, 30, '2015-12-27', '1:00'),
(467, 233, 25, '2015-12-27', '1:00'),
(468, 233, 5, '2015-12-27', '1:00'),
(469, 234, 29, '2015-12-27', '1:00'),
(470, 234, 24, '2015-12-27', '1:00'),
(471, 235, 22, '2015-12-27', '1:00'),
(472, 235, 21, '2015-12-27', '1:00'),
(473, 236, 26, '2015-12-27', '1:00'),
(474, 236, 32, '2015-12-27', '1:00'),
(475, 237, 20, '2015-12-27', '4:25'),
(476, 237, 19, '2015-12-27', '4:25'),
(477, 238, 31, '2015-12-27', '4:25'),
(478, 238, 17, '2015-12-27', '4:25'),
(479, 239, 1, '2015-12-27', '8:30'),
(480, 239, 4, '2015-12-27', '8:30'),
(481, 240, 3, '2015-12-28', '8:30'),
(482, 240, 13, '2015-12-28', '8:30'),
(483, 241, 8, '2016-01-03', '1:00'),
(484, 241, 5, '2016-01-03', '1:00'),
(485, 242, 7, '2016-01-03', '1:00'),
(486, 242, 6, '2016-01-03', '1:00'),
(487, 243, 24, '2016-01-03', '1:00'),
(488, 243, 22, '2016-01-03', '1:00'),
(489, 244, 23, '2016-01-03', '1:00'),
(490, 244, 21, '2016-01-03', '1:00'),
(491, 245, 4, '2016-01-03', '1:00'),
(492, 245, 3, '2016-01-03', '1:00'),
(493, 246, 1, '2016-01-03', '1:00'),
(494, 246, 2, '2016-01-03', '1:00'),
(495, 247, 11, '2016-01-03', '1:00'),
(496, 247, 9, '2016-01-03', '1:00'),
(497, 248, 12, '2016-01-03', '1:00'),
(498, 248, 10, '2016-01-03', '1:00'),
(499, 249, 15, '2016-01-03', '1:00'),
(500, 249, 14, '2016-01-03', '1:00'),
(501, 250, 28, '2016-01-03', '1:00'),
(502, 250, 25, '2016-01-03', '1:00'),
(503, 251, 27, '2016-01-03', '1:00'),
(504, 251, 26, '2016-01-03', '1:00'),
(505, 252, 30, '2016-01-03', '1:00'),
(506, 252, 29, '2016-01-03', '1:00'),
(507, 253, 32, '2016-01-03', '1:00'),
(508, 253, 31, '2016-01-03', '1:00'),
(509, 254, 16, '2016-01-03', '4:25'),
(510, 254, 13, '2016-01-03', '4:25'),
(511, 255, 19, '2016-01-03', '4:25'),
(512, 255, 17, '2016-01-03', '4:25'),
(513, 256, 20, '2016-01-03', '4:25'),
(514, 256, 18, '2016-01-03', '4:25');

-- --------------------------------------------------------

--
-- Table structure for table `gdp_users`
--

CREATE TABLE IF NOT EXISTS `gdp_users` (
  `user_id` int(11) NOT NULL AUTO_INCREMENT,
  `username` varchar(250) CHARACTER SET utf8 COLLATE utf8_unicode_ci NOT NULL,
  `email` varchar(250) CHARACTER SET utf8 COLLATE utf8_unicode_ci NOT NULL,
  `password` varchar(250) CHARACTER SET utf8 COLLATE utf8_unicode_ci NOT NULL,
  `team_allegience` int(11) DEFAULT '33',
  `admin` varchar(250) COLLATE utf32_unicode_ci DEFAULT NULL,
  `pin_verification` varchar(250) COLLATE utf32_unicode_ci DEFAULT NULL,
  PRIMARY KEY (`user_id`),
  KEY `team_allegience` (`team_allegience`)
) ENGINE=InnoDB  DEFAULT CHARSET=utf32 COLLATE=utf32_unicode_ci AUTO_INCREMENT=20 ;

--
-- Dumping data for table `gdp_users`
--

INSERT INTO `gdp_users` (`user_id`, `username`, `email`, `password`, `team_allegience`, `admin`, `pin_verification`) VALUES
(1, 'jhales', 'jjhales@fullsail.edu', 'ba1a0e2ccdfe861531763cdb4cc61ddd', 23, 'yes', 'lMKae&ix'),
(13, 'jenny', 'jenny@fullsail.edu', 'dc647eb65e6711e155375218212b3964', 33, NULL, 'kLFK@rCo'),
(19, 'fullsail-admin', 'fullsail@fullsail.com', '15ec8c50c04c1c8c8767985d9829701e', 33, 'yes', 'sWPOrpUN');

-- --------------------------------------------------------

--
-- Table structure for table `group_members`
--

CREATE TABLE IF NOT EXISTS `group_members` (
  `group_name` varchar(250) NOT NULL,
  `member` int(11) NOT NULL,
  KEY `member` (`member`),
  KEY `group_name` (`group_name`)
) ENGINE=InnoDB DEFAULT CHARSET=latin1;

--
-- Dumping data for table `group_members`
--

INSERT INTO `group_members` (`group_name`, `member`) VALUES
('cupcakes', 19),
('cupcakes', 1),
('cupcakes', 13);

-- --------------------------------------------------------

--
-- Table structure for table `group_name`
--

CREATE TABLE IF NOT EXISTS `group_name` (
  `group_id` int(11) NOT NULL AUTO_INCREMENT,
  `group_leader` int(11) NOT NULL,
  `group_name` varchar(250) COLLATE utf8_unicode_ci NOT NULL,
  PRIMARY KEY (`group_id`),
  KEY `group_id` (`group_id`,`group_name`),
  KEY `group_leader` (`group_leader`),
  KEY `group_name` (`group_name`),
  KEY `group_name_2` (`group_name`)
) ENGINE=InnoDB  DEFAULT CHARSET=utf8 COLLATE=utf8_unicode_ci AUTO_INCREMENT=38 ;

--
-- Dumping data for table `group_name`
--

INSERT INTO `group_name` (`group_id`, `group_leader`, `group_name`) VALUES
(37, 19, 'cupcakes');

-- --------------------------------------------------------

--
-- Table structure for table `personal_stats`
--

CREATE TABLE IF NOT EXISTS `personal_stats` (
  `username` varchar(250) COLLATE utf8_unicode_ci NOT NULL,
  `week_number` int(11) NOT NULL,
  `wins` int(11) NOT NULL,
  `losses` int(11) NOT NULL,
  KEY `week_number` (`week_number`)
) ENGINE=InnoDB DEFAULT CHARSET=utf8 COLLATE=utf8_unicode_ci;

--
-- Dumping data for table `personal_stats`
--

INSERT INTO `personal_stats` (`username`, `week_number`, `wins`, `losses`) VALUES
('jhales', 2, 7, 9),
('jhales', 1, 11, 5),
('jhales', 3, 10, 6),
('jhales', 4, 11, 4),
('jhales', 5, 10, 4),
('jhales', 6, 9, 5),
('jhales', 7, 12, 2),
('jhales', 8, 9, 5),
('jhales', 9, 6, 7),
('jhales', 10, 5, 9),
('jhales', 11, 11, 3),
('jhales', 12, 10, 6),
('jhales', 13, 10, 6),
('jhales', 14, 11, 5),
('jhales', 15, 11, 5),
('jhales', 16, 7, 9),
('jhales', 17, 7, 9),
('fullsail-admin', 2, 8, 8),
('fullsail-admin', 1, 6, 10),
('fullsail-admin', 3, 11, 5),
('fullsail-admin', 4, 12, 3),
('fullsail-admin', 5, 9, 5),
('fullsail-admin', 6, 9, 5),
('fullsail-admin', 7, 10, 4),
('fullsail-admin', 8, 8, 6),
('fullsail-admin', 9, 7, 6),
('fullsail-admin', 10, 6, 8),
('fullsail-admin', 13, 10, 6),
('fullsail-admin', 14, 7, 9),
('fullsail-admin', 15, 5, 11),
('fullsail-admin', 16, 5, 11),
('fullsail-admin', 17, 9, 7),
('fullsail-admin', 11, 9, 5),
('fullsail-admin', 12, 10, 6),
('jenny', 2, 6, 10),
('jenny', 1, 9, 7),
('jenny', 3, 10, 6),
('jenny', 4, 11, 4),
('jenny', 5, 8, 6),
('jenny', 6, 7, 7),
('jenny', 7, 11, 3),
('jenny', 8, 10, 4),
('jenny', 9, 7, 6),
('jenny', 10, 5, 9),
('jenny', 11, 7, 7),
('jenny', 12, 10, 6),
('jenny', 13, 8, 8),
('jenny', 14, 11, 5),
('jenny', 15, 9, 7),
('jenny', 16, 12, 4),
('jenny', 17, 10, 6);

-- --------------------------------------------------------

--
-- Table structure for table `teams`
--

CREATE TABLE IF NOT EXISTS `teams` (
  `team_id` int(11) NOT NULL AUTO_INCREMENT,
  `team_location` varchar(250) COLLATE utf8_unicode_ci NOT NULL,
  `team_name` varchar(250) COLLATE utf8_unicode_ci NOT NULL,
  `division` varchar(250) COLLATE utf8_unicode_ci NOT NULL,
  `team_logo` varchar(250) COLLATE utf8_unicode_ci NOT NULL,
  `team_theme` varchar(250) COLLATE utf8_unicode_ci NOT NULL,
  PRIMARY KEY (`team_id`),
  KEY `team_id` (`team_id`)
) ENGINE=InnoDB  DEFAULT CHARSET=utf8 COLLATE=utf8_unicode_ci AUTO_INCREMENT=34 ;

--
-- Dumping data for table `teams`
--

INSERT INTO `teams` (`team_id`, `team_location`, `team_name`, `division`, `team_logo`, `team_theme`) VALUES
(1, 'Pittsburgh', 'Steelers', 'AFC North', '/images/Steelers.png', '/images/steelerswallpaper.jpg'),
(2, 'Cleveland', 'Browns', 'AFC North', '/images/Browns.png', '/images/brownswallpaper.png'),
(3, 'Cincinnati', 'Bengals', 'AFC North', '/images/Bengals.png', '/images/bengalswallpaper.jpg'),
(4, 'Baltimore', 'Ravens', 'AFC North', '/images/Ravens.png', '/images/ravenswallpaper.jpg'),
(5, 'Buffalo', 'Bills', 'AFC East', '/images/Bills.png', '/images/billswallpaper.png'),
(6, 'Miami', 'Dolphins', 'AFC East', '/images/Dolphins.png', '/images/miamidolphinswallpaper.jpg'),
(7, 'New England', 'Patriots', 'AFC East', '/images/Patriots.png', '/images/patriotswallpaper.jpg'),
(8, 'New York', 'Jets', 'AFC East', '/images/Jets.png', '/images/jetswallpaper.gif'),
(9, 'Houston', 'Texans', 'AFC South', '/images/Texans.png', '/images/texanswallpaper.png'),
(10, 'Indianapolis', 'Colts', 'AFC South', '/images/Colts.png', '/images/coltswallpaper.png'),
(11, 'Jacksonville', 'Jaguars', 'AFC South', '/images/Jaguars.png', '/images/jaguarswallpaper.png'),
(12, 'Tennessee', 'Titans', 'AFC South', '/images/Titans.png', '/images/titanswallpaper.jpg'),
(13, 'Denver', 'Broncos', 'AFC West', '/images/Broncos.png', '/images/broncosswallpaper.jpg'),
(14, 'Kansas City', 'Chiefs', 'AFC West', '/images/Chiefs.png', '/images/chiefswallpaper.png'),
(15, 'Oakland', 'Raiders', 'AFC West', '/images/Raiders.png', '/images/raiderswallpaper.gif'),
(16, 'San Diego', 'Chargers', 'AFC West', '/images/Chargers.png', '/images/chargerswallpaper.jpg'),
(17, 'Arizona', 'Cardinals', 'NFC West', '/images/Cardinals.png', '/images/cardinalsswallpaper.png'),
(18, 'San Francisco', '49ers', 'NFC West', '/images/49rs.png', '/images/49rsswallpaper.png'),
(19, 'Seattle', 'Seahawks', 'NFC West', '/images/Seahawks.png', '/images/seahawkswallpaper.jpg'),
(20, 'St Louis', 'Rams', 'NFC West', '/images/Rams.png', '/images/ramsswallpaper.png'),
(21, 'Atlanta', 'Falcons', 'NFC South', '/images/Falcons.png', '/images/falconswallpaper.png'),
(22, 'Carolina', 'Panthers', 'NFC South', '/images/Panthers.png', '/images/pantherswallpaper.png'),
(23, 'New Orleans', 'Saints', 'NFC South', '/images/Saints.png', '/images/Saints_Logo.png'),
(24, 'Tampa Bay', 'Buccaneers', 'NFC South', '/images/Buccaneers.png', '/images/buccaneerswallpaper.jpg'),
(25, 'Dallas', 'Cowboys', 'NFC East', '/images/Cowboys.png', '/images/cowboyswallpaper.jpg'),
(26, 'New York', 'Giants', 'NFC East', '/images/Giants.png', '/images/giantswallpaper.jpg'),
(27, 'Philadelphia', 'Eagles', 'NFC East', '/images/Eagles.png', '/images/eagleswallpaper.jpg'),
(28, 'Washington', 'Redskins', 'NFC East', '/images/Redskins.png', '/images/redskinswallpaper.jpg'),
(29, 'Chicago', 'Bears', 'NFC North', '/images/Bears.png', '/images/bearswallpaper.jpg'),
(30, 'Detroit', 'Lions', 'NFC North', '/images/Lions.png', '/images/lionswallpaper.jpg'),
(31, 'Green Bay', 'Packers', 'NFC North', '/images/Packers.png', '/images/packerswallpaper.jpg'),
(32, 'Minnesota', 'Vikings', 'NFC North', '/images/Vikings.png', '/images/vikingsswallpaper.jpg'),
(33, 'National', 'Football League', 'none', '/images/NFL_Logo.png', '/images/nflwallpaper.jpg');

-- --------------------------------------------------------

--
-- Table structure for table `temp_group_members`
--

CREATE TABLE IF NOT EXISTS `temp_group_members` (
  `group_name` varchar(250) NOT NULL,
  `member` int(11) NOT NULL
) ENGINE=InnoDB DEFAULT CHARSET=latin1;

-- --------------------------------------------------------

--
-- Table structure for table `user_picks`
--

CREATE TABLE IF NOT EXISTS `user_picks` (
  `pick_id` int(11) NOT NULL AUTO_INCREMENT,
  `username` varchar(250) COLLATE utf8_unicode_ci NOT NULL,
  `week_number` int(11) NOT NULL,
  `game_1` int(11) DEFAULT NULL,
  `game_2` int(11) DEFAULT NULL,
  `game_3` int(11) DEFAULT NULL,
  `game_4` int(11) DEFAULT NULL,
  `game_5` int(11) DEFAULT NULL,
  `game_6` int(11) DEFAULT NULL,
  `game_7` int(11) DEFAULT NULL,
  `game_8` int(11) DEFAULT NULL,
  `game_9` int(11) DEFAULT NULL,
  `game_10` int(11) DEFAULT NULL,
  `game_11` int(11) DEFAULT NULL,
  `game_12` int(11) DEFAULT NULL,
  `game_13` int(11) DEFAULT NULL,
  `game_14` int(11) DEFAULT NULL,
  `game_15` int(11) DEFAULT NULL,
  `game_16` int(11) DEFAULT NULL,
  PRIMARY KEY (`pick_id`)
) ENGINE=InnoDB  DEFAULT CHARSET=utf8 COLLATE=utf8_unicode_ci AUTO_INCREMENT=99 ;

--
-- Dumping data for table `user_picks`
--

INSERT INTO `user_picks` (`pick_id`, `username`, `week_number`, `game_1`, `game_2`, `game_3`, `game_4`, `game_5`, `game_6`, `game_7`, `game_8`, `game_9`, `game_10`, `game_11`, `game_12`, `game_13`, `game_14`, `game_15`, `game_16`) VALUES
(1, 'jhales', 1, 7, 31, 14, 8, 10, 6, 22, 19, 23, 16, 24, 3, 13, 25, 27, 18),
(5, 'jhales', 17, 8, 7, 22, 23, 3, 1, 11, 12, 15, 28, 27, 30, 31, 16, 17, 20),
(7, 'jhales', 2, 13, 22, 18, 23, 32, 17, 7, 16, 12, 21, 20, 6, 4, 27, 31, 10),
(8, 'jhales', 3, 28, 21, 10, 2, 4, 7, 23, 8, 9, 32, 1, 17, 6, 19, 13, 31),
(9, 'jhales', 4, 4, 8, 10, 26, 22, 27, 15, 21, 14, 16, 31, 17, 13, 23, 19, NULL),
(16, 'jenny', 1, 1, 31, 14, 2, 10, 6, 22, 19, 17, 16, 12, 3, 4, 25, 27, 32),
(24, 'fullsail-admin', 1, 7, 31, 9, 8, 10, 6, 11, 19, 23, 16, 24, 15, 4, 26, 27, 18),
(27, 'jenny', 2, 14, 22, 18, 23, 32, 17, 7, 3, 12, 21, 20, 6, 4, 27, 19, 10),
(29, 'fullsail-admin', 2, 13, 22, 1, 23, 32, 17, 7, 16, 12, 26, 20, 6, 4, 27, 31, 8),
(32, 'jenny', 3, 26, 25, 12, 2, 3, 7, 22, 8, 9, 32, 1, 17, 6, 19, 30, 31),
(36, 'fullsail-admin', 3, 26, 21, 10, 15, 4, 7, 23, 27, 9, 16, 1, 18, 6, 19, 13, 31),
(38, 'fullsail-admin', 4, 4, 6, 10, 26, 22, 27, 29, 21, 3, 16, 31, 17, 13, 23, 19, NULL),
(41, 'jenny', 4, 4, 6, 10, 26, 22, 27, 15, 21, 3, 16, 31, 17, 13, 23, 19, NULL),
(42, 'fullsail-admin', 5, 10, 14, 3, 21, 11, 23, 4, 31, 5, 17, 7, 13, 26, 16, NULL, NULL),
(45, 'jhales', 5, 10, 14, 3, 21, 24, 23, 4, 31, 5, 17, 7, 13, 26, 16, NULL, NULL),
(46, 'jenny', 5, 9, 14, 19, 21, 11, 27, 4, 31, 5, 17, 7, 13, 26, 16, NULL, NULL),
(47, 'jenny', 6, 21, 28, 17, 14, 3, 30, 13, 9, 6, 19, 31, 4, 7, 26, NULL, NULL),
(48, 'fullsail-admin', 6, 23, 8, 17, 14, 3, 29, 13, 9, 6, 19, 31, 18, 7, 26, NULL, NULL),
(49, 'fullsail-admin', 7, 18, 5, 28, 21, 23, 30, 14, 20, 6, 7, 16, 26, 22, 17, NULL, NULL),
(50, 'jhales', 6, 21, 8, 17, 14, 3, 30, 13, 9, 6, 22, 31, 4, 7, 26, NULL, NULL),
(53, 'jenny', 7, 19, 5, 28, 21, 23, 32, 1, 2, 6, 7, 15, 26, 22, 17, NULL, NULL),
(54, 'fullsail-admin', 8, 7, 14, 21, 17, 18, 26, 32, 4, 3, 12, 8, 19, 31, 22, NULL, NULL),
(56, 'jhales', 7, 19, 5, 28, 21, 23, 32, 14, 20, 6, 7, 16, 26, 22, 17, NULL, NULL),
(59, 'jenny', 8, 6, 14, 24, 17, 20, 23, 32, 4, 3, 9, 8, 25, 31, 22, NULL, NULL),
(61, 'jhales', 8, 7, 14, 21, 17, 20, 23, 32, 16, 3, 12, 8, 19, 31, 22, NULL, NULL),
(62, 'jenny', 9, 3, 31, 7, 23, 6, 32, 8, 1, 26, 21, 13, 27, 16, NULL, NULL, NULL),
(63, 'jenny', 10, 8, 31, 24, 22, 20, 23, 6, 2, 4, 32, 26, 13, 17, 3, NULL, NULL),
(64, 'fullsail-admin', 9, 3, 31, 7, 23, 6, 32, 8, 1, 26, 21, 10, 25, 16, NULL, NULL, NULL),
(68, 'jhales', 9, 3, 31, 7, 23, 6, 32, 8, 15, 26, 21, 13, 27, 16, NULL, NULL, NULL),
(70, 'jhales', 10, 8, 31, 25, 22, 20, 23, 27, 1, 4, 32, 7, 13, 17, 3, NULL, NULL),
(72, 'fullsail-admin', 10, 8, 31, 25, 22, 29, 23, 27, 1, 11, 32, 7, 13, 19, 3, NULL, NULL),
(73, 'jenny', 11, 11, 15, 21, 9, 24, 29, 32, 20, 6, 22, 17, 19, 14, 5, NULL, NULL),
(75, 'jhales', 11, 11, 15, 21, 9, 27, 13, 31, 4, 25, 22, 17, 19, 14, 7, NULL, NULL),
(76, 'fullsail-admin', 11, 11, 30, 10, 8, 27, 13, 31, 4, 25, 22, 3, 18, 14, 5, NULL, NULL),
(77, 'jhales', 12, 27, 22, 31, 15, 14, 24, 26, 23, 32, 3, 16, 8, 17, 19, 7, 4),
(79, 'jenny', 12, 30, 22, 31, 15, 5, 24, 28, 23, 32, 3, 11, 6, 17, 19, 13, 4),
(80, 'jenny', 13, 31, 26, 17, 24, 23, 32, 5, 6, 3, 11, 29, 13, 15, 7, 1, 28),
(81, 'jenny', 14, 17, 27, 2, 20, 23, 8, 3, 7, 11, 14, 29, 22, 13, 31, 4, 6),
(82, 'jenny', 15, 20, 25, 32, 11, 10, 17, 22, 7, 5, 4, 19, 31, 1, 6, 3, 23),
(83, 'jenny', 16, 15, 28, 8, 9, 14, 6, 23, 30, 5, 24, 21, 32, 19, 17, 4, 3),
(84, 'jenny', 17, 8, 6, 22, 23, 3, 1, 11, 10, 14, 28, 26, 29, 31, 13, 17, 18),
(85, 'jhales', 13, 31, 8, 17, 21, 22, 32, 9, 4, 3, 12, 29, 13, 14, 7, 1, 25),
(87, 'fullsail-admin', 13, 31, 26, 17, 21, 23, 19, 9, 6, 3, 11, 18, 13, 14, 7, 1, 25),
(89, 'jhales', 14, 17, 27, 18, 20, 23, 8, 3, 7, 10, 14, 28, 22, 13, 31, 19, 6),
(90, 'fullsail-admin', 14, 17, 27, 18, 20, 23, 12, 3, 7, 10, 14, 29, 21, 13, 31, 4, 6),
(91, 'fullsail-admin', 15, 24, 25, 29, 21, 10, 27, 26, 7, 5, 14, 2, 31, 13, 6, 3, 23),
(92, 'fullsail-admin', 16, 16, 27, 7, 12, 14, 10, 23, 18, 25, 29, 21, 26, 19, 31, 1, 3),
(93, 'fullsail-admin', 17, 8, 7, 22, 23, 3, 1, 11, 10, 14, 25, 27, 29, 31, 13, 17, 18),
(95, 'jhales', 15, 24, 25, 32, 11, 9, 17, 22, 7, 28, 14, 19, 31, 13, 16, 3, 23),
(97, 'jhales', 16, 16, 28, 7, 9, 14, 6, 23, 18, 25, 24, 22, 32, 19, 17, 1, 13),
(98, 'fullsail-admin', 12, 27, 22, 31, 15, 14, 24, 26, 23, 32, 3, 16, 8, 17, 19, 7, 4);

-- --------------------------------------------------------

--
-- Table structure for table `winners`
--

CREATE TABLE IF NOT EXISTS `winners` (
  `pick_id` int(11) NOT NULL AUTO_INCREMENT,
  `week_number` int(11) NOT NULL,
  `game_1` int(11) NOT NULL,
  `game_2` int(11) NOT NULL,
  `game_3` int(11) NOT NULL,
  `game_4` int(11) NOT NULL,
  `game_5` int(11) NOT NULL,
  `game_6` int(11) NOT NULL,
  `game_7` int(11) NOT NULL,
  `game_8` int(11) NOT NULL,
  `game_9` int(11) NOT NULL,
  `game_10` int(11) NOT NULL,
  `game_11` int(11) NOT NULL,
  `game_12` int(11) NOT NULL,
  `game_13` int(11) NOT NULL,
  `game_14` int(11) DEFAULT NULL,
  `game_15` int(11) DEFAULT NULL,
  `game_16` int(11) DEFAULT NULL,
  PRIMARY KEY (`pick_id`),
  UNIQUE KEY `week_number` (`week_number`)
) ENGINE=InnoDB  DEFAULT CHARSET=utf8 COLLATE=utf8_unicode_ci AUTO_INCREMENT=24 ;

--
-- Dumping data for table `winners`
--

INSERT INTO `winners` (`pick_id`, `week_number`, `game_1`, `game_2`, `game_3`, `game_4`, `game_5`, `game_6`, `game_7`, `game_8`, `game_9`, `game_10`, `game_11`, `game_12`, `game_13`, `game_14`, `game_15`, `game_16`) VALUES
(5, 1, 7, 31, 14, 8, 5, 6, 22, 20, 17, 16, 12, 3, 13, 25, 21, 18),
(6, 2, 13, 22, 1, 24, 32, 17, 7, 3, 2, 21, 28, 11, 15, 25, 31, 8),
(7, 3, 26, 21, 10, 15, 3, 7, 22, 27, 9, 32, 1, 17, 5, 19, 13, 31),
(8, 4, 4, 8, 10, 26, 22, 28, 29, 21, 3, 16, 31, 20, 13, 23, 19, 33),
(9, 5, 10, 29, 3, 21, 24, 27, 2, 31, 5, 17, 7, 13, 26, 1, 33, 33),
(10, 6, 23, 8, 1, 32, 3, 30, 13, 9, 6, 22, 31, 18, 7, 27, 33, 33),
(11, 7, 19, 11, 28, 21, 23, 32, 14, 20, 6, 7, 15, 26, 22, 17, 33, 33),
(12, 8, 7, 14, 24, 17, 20, 23, 32, 4, 3, 9, 15, 19, 13, 22, 33, 33),
(14, 9, 3, 22, 7, 12, 5, 32, 8, 1, 26, 18, 10, 27, 29, 33, 33, 33),
(15, 10, 5, 30, 24, 22, 29, 28, 6, 1, 11, 32, 7, 14, 17, 9, 33, 33),
(17, 11, 11, 30, 10, 9, 24, 13, 31, 4, 25, 22, 17, 19, 14, 7, 33, 33),
(18, 12, 30, 22, 29, 15, 14, 10, 28, 9, 32, 3, 16, 8, 17, 19, 13, 4),
(19, 13, 31, 8, 17, 24, 22, 19, 5, 6, 3, 12, 18, 13, 14, 27, 1, 25),
(20, 14, 17, 27, 2, 20, 23, 8, 1, 7, 11, 14, 28, 22, 15, 31, 19, 26),
(21, 15, 20, 8, 32, 21, 9, 17, 22, 7, 28, 14, 19, 31, 1, 16, 3, 30),
(22, 16, 15, 28, 8, 9, 14, 10, 23, 30, 5, 29, 21, 32, 20, 17, 4, 13),
(23, 17, 5, 6, 22, 23, 3, 1, 9, 10, 14, 28, 27, 30, 32, 13, 19, 18);

--
-- Constraints for dumped tables
--

--
-- Constraints for table `games`
--
ALTER TABLE `games`
  ADD CONSTRAINT `team_id` FOREIGN KEY (`team_info`) REFERENCES `teams` (`team_id`) ON DELETE CASCADE ON UPDATE CASCADE;

--
-- Constraints for table `gdp_users`
--
ALTER TABLE `gdp_users`
  ADD CONSTRAINT `gdp_users_ibfk_1` FOREIGN KEY (`team_allegience`) REFERENCES `teams` (`team_id`) ON DELETE NO ACTION ON UPDATE NO ACTION;

--
-- Constraints for table `group_members`
--
ALTER TABLE `group_members`
  ADD CONSTRAINT `group_members_ibfk_1` FOREIGN KEY (`member`) REFERENCES `gdp_users` (`user_id`) ON DELETE CASCADE ON UPDATE CASCADE;

--
-- Constraints for table `group_name`
--
ALTER TABLE `group_name`
  ADD CONSTRAINT `group_name_ibfk_1` FOREIGN KEY (`group_leader`) REFERENCES `gdp_users` (`user_id`);

/*!40101 SET CHARACTER_SET_CLIENT=@OLD_CHARACTER_SET_CLIENT */;
/*!40101 SET CHARACTER_SET_RESULTS=@OLD_CHARACTER_SET_RESULTS */;
/*!40101 SET COLLATION_CONNECTION=@OLD_COLLATION_CONNECTION */;
